publish_date,day,channel,medium,content,title,angle,utm_url,status,requires_human_review,auto_post_allowed,body
2026-06-12,1,naver_blog,post,checklist_7,[광고] 이사 견적 신청 전 준비할 7가지: 상담을 짧게 끝내는 체크리스트,준비하면 상담이 짧아진다 — 사전 정리 체크리스트,https://moving-quote-call-burden.vercel.app?utm_source=naver_blog&utm_medium=post&utm_campaign=moving_quote_call_burden&utm_content=checklist_7,draft,yes,no,"[광고] 이 페이지는 이사 견적 비교 전 확인할 정보를 정리한 안내 페이지이며, 제휴 링크를 통한 신청 또는 클릭에 따라 운영자는 제휴 수익을 지급받습니다.

이사 견적을 알아볼 때 가장 힘든 부분은 업체마다 같은 질문을 반복해서 받는 상황입니다. 미리 정리해두면 상담 시간을 줄이고 추가요금 리스크에 대비할 수 있습니다.

준비할 항목: 이사일, 출발지/도착지 주소와 층수, 큰 가구와 가전 목록, 사다리차·주말·분해설치 추가요금 질문, 연락 가능한 시간.

참고: 55일 이내 이사날짜만 견적 신청 가능. 아직 일정이 멀다면 체크리스트만 정리해두고 일정이 확정됐을 때 신청하는 편이 낫습니다.

체크리스트 정리 후 지금 준비된 상태인지 30초로 확인하세요: https://moving-quote-call-burden.vercel.app?utm_source=naver_blog&utm_medium=post&utm_campaign=moving_quote_call_burden&utm_content=checklist_7"
2026-06-13,2,threads,social,thread_call_control,[광고] 견적 신청 전에 먼저 정해야 하는 것,준비 순서 — 업체보다 내 조건이 먼저,https://moving-quote-call-burden.vercel.app?utm_source=threads&utm_medium=social&utm_campaign=moving_quote_call_burden&utm_content=thread_call_control,draft,yes,no,"[광고] 이사 견적 신청할 때 업체보다 먼저 정해야 하는 게 있습니다. 몇 곳까지 상담받을지, 연락 가능한 시간이 언제인지입니다.

이걸 먼저 정리하지 않으면 비교가 아니라 통화 관리가 일이 됩니다.

30초 준비 상태 확인: https://moving-quote-call-burden.vercel.app?utm_source=threads&utm_medium=social&utm_campaign=moving_quote_call_burden&utm_content=thread_call_control

제휴 링크 포함. 신청/클릭 시 수익이 지급됩니다. 이사 예정일 55일 이내 + 상담 연락 가능할 때 적합합니다."
2026-06-14,3,threads,social,thread_extra_fee,[광고] 낮은 첫 견적 전에 확인할 것,추가요금 대비 — 첫 가격 ≠ 최종 금액,https://moving-quote-call-burden.vercel.app?utm_source=threads&utm_medium=social&utm_campaign=moving_quote_call_burden&utm_content=thread_extra_fee,draft,yes,no,"[광고] 포장이사 견적이 낮게 나왔다면 사다리차, 주말, 손 없는 날, 분해·설치 비용이 포함됐는지 먼저 확인하세요. 빠져 있으면 최종 금액이 달라집니다.

신청 전에 이 질문 리스트를 준비해두면 추가요금 리스크에 미리 대비할 수 있습니다.

준비 상태 확인 후 비교 견적으로: https://moving-quote-call-burden.vercel.app?utm_source=threads&utm_medium=social&utm_campaign=moving_quote_call_burden&utm_content=thread_extra_fee

제휴 링크 포함. 신청/클릭 시 수익이 지급됩니다."
2026-06-15,4,naver_blog,post,extra_fee_10,[광고] 이사 견적 신청 전 준비할 추가요금 질문 10가지,첫 가격과 최종 비용 차이를 줄이는 사전 질문 리스트,https://moving-quote-call-burden.vercel.app?utm_source=naver_blog&utm_medium=post&utm_campaign=moving_quote_call_burden&utm_content=extra_fee_10,draft,yes,no,"[광고] 이 페이지는 이사 견적 비교 전 확인할 정보를 정리한 안내 페이지이며, 제휴 링크를 통한 신청 또는 클릭에 따라 운영자는 제휴 수익을 지급받습니다.

이사 견적은 첫 가격보다 조건 확인이 더 중요합니다. 아래 질문을 미리 준비해두면 업체별 비교가 쉬워지고 추가요금 리스크에 대비할 수 있습니다.

확인할 항목: 사다리차 비용, 주말·손 없는 날 추가비, 분해·설치, 큰 가전 이동, 보관 여부, 폐기물 처리, 장거리 추가비, 주차 가능 여부, 엘리베이터 사용, 방문 견적 필요 여부.

질문 준비 후 지금 신청 가능한 상태인지 확인하세요: https://moving-quote-call-burden.vercel.app?utm_source=naver_blog&utm_medium=post&utm_campaign=moving_quote_call_burden&utm_content=extra_fee_10"
2026-06-16,5,community,post,checklist_share,[광고] 이사 견적 신청 전 준비 체크리스트 공유합니다,본문 자체가 가치 있는 커뮤니티 안전 공유,https://moving-quote-call-burden.vercel.app?utm_source=community&utm_medium=post&utm_campaign=moving_quote_call_burden&utm_content=checklist_share,draft,yes,no,"[광고] 이 페이지는 이사 견적 비교 전 확인할 정보를 정리한 안내 페이지이며, 제휴 링크를 통한 신청 또는 클릭에 따라 운영자는 제휴 수익을 지급받습니다.

이사 견적 알아볼 때 업체마다 물어보는 내용이 달라서, 같은 조건을 말하지 않으면 가격 비교가 어렵더라고요. 미리 정리해두면 상담이 짧아집니다.

준비할 것: 이사 예정일, 출발지/도착지 주소와 층수, 엘리베이터/주차/사다리차 여부, 큰 가구와 가전, 추가요금 질문, 연락 가능 시간, 상담받을 업체 수.

정리 후 지금 준비된 상태인지 30초로 확인할 수 있습니다: https://moving-quote-call-burden.vercel.app?utm_source=community&utm_medium=post&utm_campaign=moving_quote_call_burden&utm_content=checklist_share

카페/커뮤니티 규칙상 제휴 링크가 허용되는 곳에서만 사용하세요."
2026-06-17,6,threads,social,thread_contact_time,"[광고] ""아무 때나 연락 주세요""가 힘든 이유",연락 시간 미리 정하기 — 준비의 일부,https://moving-quote-call-burden.vercel.app?utm_source=threads&utm_medium=social&utm_campaign=moving_quote_call_burden&utm_content=thread_contact_time,draft,yes,no,"[광고] 이사 견적 상담이 부담스럽다면 신청 전에 연락 가능한 시간을 먼저 정해두세요.

""아무 때나 연락 주세요""로 신청하면 통화 관리가 일이 될 수 있습니다. 업체 수, 연락 시간, 추가요금 질문을 미리 준비하는 게 낫습니다.

30초 준비 상태 확인: https://moving-quote-call-burden.vercel.app?utm_source=threads&utm_medium=social&utm_campaign=moving_quote_call_burden&utm_content=thread_contact_time

제휴 링크 포함. 이사 예정일 55일 이내이고 상담 연락을 받을 수 있는 경우에 적합합니다."
2026-06-18,7,review,internal,metrics_review,20 outbound clicks review,성과 점검 및 다음 액션 결정,https://moving-quote-call-burden.vercel.app?utm_source=review&utm_medium=internal&utm_campaign=moving_quote_call_burden&utm_content=metrics_review,scheduled_review,yes,no,"방문수, outbound click, Adlix DB 발생 여부, 승인/거절 사유를 기록하고 다음 주 콘텐츠 각도를 결정합니다."
